{
  "unversionedId": "intro",
  "id": "intro",
  "title": "Metamask & Trust Wallet",
  "description": "- To start buying, selling, or trading ALT Coins (a non mainstream coin like Bitcoin or Ethereum ) you first need a crypto wallet that is not on an exchange.",
  "source": "@site/docs/intro.md",
  "sourceDirName": ".",
  "slug": "/intro",
  "permalink": "/docs/intro",
  "editUrl": "https://github.com/facebook/docusaurus/tree/main/packages/create-docusaurus/templates/shared/docs/intro.md",
  "tags": [],
  "version": "current",
  "sidebarPosition": 1,
  "frontMatter": {
    "sidebar_position": 1
  },
  "sidebar": "tutorialSidebar",
  "next": {
    "title": "Intro",
    "permalink": "/docs/tutorial-metamask/Intro"
  }
}