{
  "unversionedId": "tutorial-trust wallet/translate-your-site",
  "id": "tutorial-trust wallet/translate-your-site",
  "title": "Translate your site",
  "description": "Let's translate docs/intro.md to French.",
  "source": "@site/docs/tutorial-trust wallet/translate-your-site.md",
  "sourceDirName": "tutorial-trust wallet",
  "slug": "/tutorial-trust wallet/translate-your-site",
  "permalink": "/docs/tutorial-trust wallet/translate-your-site",
  "editUrl": "https://github.com/facebook/docusaurus/tree/main/packages/create-docusaurus/templates/shared/docs/tutorial-trust wallet/translate-your-site.md",
  "tags": [],
  "version": "current",
  "sidebarPosition": 2,
  "frontMatter": {
    "sidebar_position": 2
  },
  "sidebar": "tutorialSidebar",
  "previous": {
    "title": "Android",
    "permalink": "/docs/tutorial-trust wallet/Android"
  },
  "next": {
    "title": "Apple",
    "permalink": "/docs/tutorial-trust wallet/Apple"
  }
}