{
  "unversionedId": "how-to-buy-presale/Start",
  "id": "how-to-buy-presale/Start",
  "title": "Intro",
  "description": "1",
  "source": "@site/docs/how-to-buy-presale/Start.md",
  "sourceDirName": "how-to-buy-presale",
  "slug": "/how-to-buy-presale/Start",
  "permalink": "/docs/how-to-buy-presale/Start",
  "editUrl": "https://github.com/facebook/docusaurus/tree/main/packages/create-docusaurus/templates/shared/docs/how-to-buy-presale/Start.md",
  "tags": [],
  "version": "current",
  "sidebarPosition": 1,
  "frontMatter": {
    "sidebar_position": 1
  },
  "sidebar": "tutorialSidebar",
  "previous": {
    "title": "Apple",
    "permalink": "/docs/tutorial-trust wallet/Apple"
  },
  "next": {
    "title": "Android",
    "permalink": "/docs/how-to-buy-presale/Android"
  }
}