{
  "unversionedId": "tutorial-trust wallet/Computer",
  "id": "tutorial-trust wallet/Computer",
  "title": "Computer",
  "description": "MetaMask is one of the most popular browser extensions that serves as a way of storing your Crypto Tokens. The extension is free and secure, and it allows web applications to read and interact with many blockchains.",
  "source": "@site/docs/tutorial-trust wallet/Computer.md",
  "sourceDirName": "tutorial-trust wallet",
  "slug": "/tutorial-trust wallet/Computer",
  "permalink": "/docs/tutorial-trust wallet/Computer",
  "editUrl": "https://github.com/facebook/docusaurus/tree/main/packages/create-docusaurus/templates/shared/docs/tutorial-trust wallet/Computer.md",
  "tags": [],
  "version": "current",
  "sidebarPosition": 4,
  "frontMatter": {
    "sidebar_position": 4
  },
  "sidebar": "tutorialSidebar",
  "previous": {
    "title": "Apple",
    "permalink": "/docs/tutorial-trust wallet/Apple"
  },
  "next": {
    "title": "Android",
    "permalink": "/docs/how-to-buy-presale/Android"
  }
}