{
  "unversionedId": "how-to-buy-presale/Phone-Tablet",
  "id": "how-to-buy-presale/Phone-Tablet",
  "title": "Phone/Tablet",
  "description": "1",
  "source": "@site/docs/how-to-buy-presale/Phone-Tablet.md",
  "sourceDirName": "how-to-buy-presale",
  "slug": "/how-to-buy-presale/Phone-Tablet",
  "permalink": "/docs/how-to-buy-presale/Phone-Tablet",
  "editUrl": "https://github.com/facebook/docusaurus/tree/main/packages/create-docusaurus/templates/shared/docs/how-to-buy-presale/Phone-Tablet.md",
  "tags": [],
  "version": "current",
  "sidebarPosition": 3,
  "frontMatter": {
    "sidebar_position": 3
  },
  "sidebar": "tutorialSidebar",
  "previous": {
    "title": "Phone/Tablet",
    "permalink": "/docs/how-to-buy-presale/Android"
  }
}