{
  "unversionedId": "tutorial-basics/create-a-page",
  "id": "tutorial-basics/create-a-page",
  "title": "Create a Page",
  "description": "Add Markdown or React files to src/pages to create a standalone page:",
  "source": "@site/docs/tutorial-basics/create-a-page.md",
  "sourceDirName": "tutorial-basics",
  "slug": "/tutorial-basics/create-a-page",
  "permalink": "/docs/tutorial-basics/create-a-page",
  "editUrl": "https://github.com/facebook/docusaurus/tree/main/packages/create-docusaurus/templates/shared/docs/tutorial-basics/create-a-page.md",
  "tags": [],
  "version": "current",
  "sidebarPosition": 1,
  "frontMatter": {
    "sidebar_position": 1
  },
  "sidebar": "tutorialSidebar",
  "previous": {
    "title": "How To Install Metamask",
    "permalink": "/docs/intro"
  },
  "next": {
    "title": "Create a Document",
    "permalink": "/docs/tutorial-basics/create-a-document"
  }
}