{
  "unversionedId": "tutorial-metamask/Intro",
  "id": "tutorial-metamask/Intro",
  "title": "Intro",
  "description": "How To Install Metamask",
  "source": "@site/docs/tutorial-metamask/Intro.md",
  "sourceDirName": "tutorial-metamask",
  "slug": "/tutorial-metamask/Intro",
  "permalink": "/docs/tutorial-metamask/Intro",
  "editUrl": "https://github.com/facebook/docusaurus/tree/main/packages/create-docusaurus/templates/shared/docs/tutorial-metamask/Intro.md",
  "tags": [],
  "version": "current",
  "sidebarPosition": 1,
  "frontMatter": {
    "sidebar_position": 1
  },
  "sidebar": "tutorialSidebar",
  "previous": {
    "title": "Metamask & Trust Wallet",
    "permalink": "/docs/intro"
  },
  "next": {
    "title": "Android",
    "permalink": "/docs/tutorial-metamask/Android"
  }
}