{
  "unversionedId": "tutorial-metamask/markdown-features",
  "id": "tutorial-metamask/markdown-features",
  "title": "Markdown Features",
  "description": "Docusaurus supports Markdown and a few additional features.",
  "source": "@site/docs/tutorial-metamask/markdown-features.mdx",
  "sourceDirName": "tutorial-metamask",
  "slug": "/tutorial-metamask/markdown-features",
  "permalink": "/docs/tutorial-metamask/markdown-features",
  "editUrl": "https://github.com/facebook/docusaurus/tree/main/packages/create-docusaurus/templates/shared/docs/tutorial-metamask/markdown-features.mdx",
  "tags": [],
  "version": "current",
  "sidebarPosition": 7,
  "frontMatter": {
    "sidebar_position": 7
  },
  "sidebar": "tutorialSidebar",
  "previous": {
    "title": "Switch Network To BNB",
    "permalink": "/docs/tutorial-metamask/Switch-Network-To-BNB"
  },
  "next": {
    "title": "Intro",
    "permalink": "/docs/tutorial-trust wallet/Intro"
  }
}