{
  "unversionedId": "how-to-buy-presale/Intro",
  "id": "how-to-buy-presale/Intro",
  "title": "Intro",
  "description": "MetaMask is one of the most popular browser extensions that serves as a way of storing your Crypto Tokens. The extension is free and secure, and it allows web applications to read and interact with many blockchains.",
  "source": "@site/docs/how-to-buy-presale/Intro.md",
  "sourceDirName": "how-to-buy-presale",
  "slug": "/how-to-buy-presale/Intro",
  "permalink": "/docs/how-to-buy-presale/Intro",
  "editUrl": "https://github.com/facebook/docusaurus/tree/main/packages/create-docusaurus/templates/shared/docs/how-to-buy-presale/Intro.md",
  "tags": [],
  "version": "current",
  "sidebarPosition": 1,
  "frontMatter": {
    "sidebar_position": 1
  },
  "sidebar": "tutorialSidebar",
  "previous": {
    "title": "Apple",
    "permalink": "/docs/tutorial-trust wallet/Apple"
  },
  "next": {
    "title": "Metamask",
    "permalink": "/docs/how-to-buy-presale/Android"
  }
}