{
  "unversionedId": "tutorial-trust wallet/manage-docs-versions",
  "id": "tutorial-trust wallet/manage-docs-versions",
  "title": "Manage Docs Versions",
  "description": "Docusaurus can manage multiple versions of your docs.",
  "source": "@site/docs/tutorial-trust wallet/manage-docs-versions.md",
  "sourceDirName": "tutorial-trust wallet",
  "slug": "/tutorial-trust wallet/manage-docs-versions",
  "permalink": "/docs/tutorial-trust wallet/manage-docs-versions",
  "editUrl": "https://github.com/facebook/docusaurus/tree/main/packages/create-docusaurus/templates/shared/docs/tutorial-trust wallet/manage-docs-versions.md",
  "tags": [],
  "version": "current",
  "sidebarPosition": 1,
  "frontMatter": {
    "sidebar_position": 1
  },
  "sidebar": "tutorialSidebar",
  "previous": {
    "title": "Intro",
    "permalink": "/docs/tutorial-trust wallet/Intro"
  },
  "next": {
    "title": "Android",
    "permalink": "/docs/tutorial-trust wallet/Android"
  }
}