{
  "unversionedId": "how-to-buy-presale/Apple",
  "id": "how-to-buy-presale/Apple",
  "title": "Apple",
  "description": "Apple doesn't have DAapps. So you can't make buys like someone with an android can. You must use your browser.",
  "source": "@site/docs/how-to-buy-presale/Apple.md",
  "sourceDirName": "how-to-buy-presale",
  "slug": "/how-to-buy-presale/Apple",
  "permalink": "/docs/how-to-buy-presale/Apple",
  "editUrl": "https://github.com/facebook/docusaurus/tree/main/packages/create-docusaurus/templates/shared/docs/how-to-buy-presale/Apple.md",
  "tags": [],
  "version": "current",
  "sidebarPosition": 2,
  "frontMatter": {
    "sidebar_position": 2
  },
  "sidebar": "tutorialSidebar",
  "previous": {
    "title": "Android",
    "permalink": "/docs/how-to-buy-presale/Android"
  },
  "next": {
    "title": "Computer",
    "permalink": "/docs/how-to-buy-presale/Computer"
  }
}