{
  "unversionedId": "tutorial-metamask/deploy-your-site",
  "id": "tutorial-metamask/deploy-your-site",
  "title": "Deploy your site",
  "description": "Docusaurus is a static-site-generator (also called Jamstack).",
  "source": "@site/docs/tutorial-metamask/deploy-your-site.md",
  "sourceDirName": "tutorial-metamask",
  "slug": "/tutorial-metamask/deploy-your-site",
  "permalink": "/docs/tutorial-metamask/deploy-your-site",
  "editUrl": "https://github.com/facebook/docusaurus/tree/main/packages/create-docusaurus/templates/shared/docs/tutorial-metamask/deploy-your-site.md",
  "tags": [],
  "version": "current",
  "sidebarPosition": 5,
  "frontMatter": {
    "sidebar_position": 5
  },
  "sidebar": "tutorialSidebar",
  "previous": {
    "title": "Markdown Features",
    "permalink": "/docs/tutorial-metamask/markdown-features"
  },
  "next": {
    "title": "Congratulations!",
    "permalink": "/docs/tutorial-metamask/Apple"
  }
}