{
  "unversionedId": "how-to-buy-presale/Computer",
  "id": "how-to-buy-presale/Computer",
  "title": "Computer",
  "description": "Step 1. Navigate to the presale address",
  "source": "@site/docs/how-to-buy-presale/Computer.md",
  "sourceDirName": "how-to-buy-presale",
  "slug": "/how-to-buy-presale/Computer",
  "permalink": "/docs/how-to-buy-presale/Computer",
  "editUrl": "https://github.com/facebook/docusaurus/tree/main/packages/create-docusaurus/templates/shared/docs/how-to-buy-presale/Computer.md",
  "tags": [],
  "version": "current",
  "sidebarPosition": 2,
  "frontMatter": {
    "sidebar_position": 2
  },
  "sidebar": "tutorialSidebar",
  "previous": {
    "title": "Apple",
    "permalink": "/docs/how-to-buy-presale/Apple"
  }
}