{
  "unversionedId": "tutorial-trust wallet/Apple",
  "id": "tutorial-trust wallet/Apple",
  "title": "Apple",
  "description": "1",
  "source": "@site/docs/tutorial-trust wallet/Apple.md",
  "sourceDirName": "tutorial-trust wallet",
  "slug": "/tutorial-trust wallet/Apple",
  "permalink": "/docs/tutorial-trust wallet/Apple",
  "editUrl": "https://github.com/facebook/docusaurus/tree/main/packages/create-docusaurus/templates/shared/docs/tutorial-trust wallet/Apple.md",
  "tags": [],
  "version": "current",
  "sidebarPosition": 4,
  "frontMatter": {
    "sidebar_position": 4
  },
  "sidebar": "tutorialSidebar",
  "previous": {
    "title": "Android",
    "permalink": "/docs/tutorial-trust wallet/Android"
  },
  "next": {
    "title": "Intro",
    "permalink": "/docs/how-to-buy-presale/Start"
  }
}