{
  "unversionedId": "tutorial-trust wallet/Android",
  "id": "tutorial-trust wallet/Android",
  "title": "Android",
  "description": "1",
  "source": "@site/docs/tutorial-trust wallet/Android.md",
  "sourceDirName": "tutorial-trust wallet",
  "slug": "/tutorial-trust wallet/Android",
  "permalink": "/docs/tutorial-trust wallet/Android",
  "editUrl": "https://github.com/facebook/docusaurus/tree/main/packages/create-docusaurus/templates/shared/docs/tutorial-trust wallet/Android.md",
  "tags": [],
  "version": "current",
  "sidebarPosition": 2,
  "frontMatter": {
    "sidebar_position": 2
  },
  "sidebar": "tutorialSidebar",
  "previous": {
    "title": "Intro",
    "permalink": "/docs/tutorial-trust wallet/Intro"
  },
  "next": {
    "title": "Apple",
    "permalink": "/docs/tutorial-trust wallet/Apple"
  }
}