{
  "unversionedId": "tutorial-metamask/Apple",
  "id": "tutorial-metamask/Apple",
  "title": "Apple",
  "description": "1",
  "source": "@site/docs/tutorial-metamask/Apple.md",
  "sourceDirName": "tutorial-metamask",
  "slug": "/tutorial-metamask/Apple",
  "permalink": "/docs/tutorial-metamask/Apple",
  "editUrl": "https://github.com/facebook/docusaurus/tree/main/packages/create-docusaurus/templates/shared/docs/tutorial-metamask/Apple.md",
  "tags": [],
  "version": "current",
  "sidebarPosition": 3,
  "frontMatter": {
    "sidebar_position": 3
  },
  "sidebar": "tutorialSidebar",
  "previous": {
    "title": "Android",
    "permalink": "/docs/tutorial-metamask/Android"
  },
  "next": {
    "title": "Computer",
    "permalink": "/docs/tutorial-metamask/Computer"
  }
}