{
  "unversionedId": "tutorial-metamask/Computer",
  "id": "tutorial-metamask/Computer",
  "title": "Computer",
  "description": "MetaMask is one of the most popular browser extensions that serves as a way of storing your Crypto Tokens. The extension is free and secure, and it allows web applications to read and interact with many blockchains.",
  "source": "@site/docs/tutorial-metamask/Computer.md",
  "sourceDirName": "tutorial-metamask",
  "slug": "/tutorial-metamask/Computer",
  "permalink": "/docs/tutorial-metamask/Computer",
  "editUrl": "https://github.com/facebook/docusaurus/tree/main/packages/create-docusaurus/templates/shared/docs/tutorial-metamask/Computer.md",
  "tags": [],
  "version": "current",
  "sidebarPosition": 4,
  "frontMatter": {
    "sidebar_position": 4
  },
  "sidebar": "tutorialSidebar",
  "previous": {
    "title": "Apple",
    "permalink": "/docs/tutorial-metamask/Apple"
  },
  "next": {
    "title": "Switch Network To Binance Smart Chain",
    "permalink": "/docs/tutorial-metamask/Switch-Network-To-BNB"
  }
}