{
  "unversionedId": "tutorial-metamask/Switch-Network-To-BNB",
  "id": "tutorial-metamask/Switch-Network-To-BNB",
  "title": "Switch Network To Binance Smart Chain",
  "description": "1",
  "source": "@site/docs/tutorial-metamask/Switch-Network-To-BNB.md",
  "sourceDirName": "tutorial-metamask",
  "slug": "/tutorial-metamask/Switch-Network-To-BNB",
  "permalink": "/docs/tutorial-metamask/Switch-Network-To-BNB",
  "editUrl": "https://github.com/facebook/docusaurus/tree/main/packages/create-docusaurus/templates/shared/docs/tutorial-metamask/Switch-Network-To-BNB.md",
  "tags": [],
  "version": "current",
  "sidebarPosition": 5,
  "frontMatter": {
    "sidebar_position": 5
  },
  "sidebar": "tutorialSidebar",
  "previous": {
    "title": "Computer",
    "permalink": "/docs/tutorial-metamask/Computer"
  },
  "next": {
    "title": "Markdown Features",
    "permalink": "/docs/tutorial-metamask/markdown-features"
  }
}