{
  "unversionedId": "example-doc",
  "id": "example-doc",
  "title": "example-doc",
  "description": "",
  "source": "@site/docs/example-doc.md",
  "sourceDirName": ".",
  "slug": "/example-doc",
  "permalink": "/docs/example-doc",
  "editUrl": "https://github.com/facebook/docusaurus/tree/main/packages/create-docusaurus/templates/shared/docs/example-doc.md",
  "tags": [],
  "version": "current",
  "frontMatter": {},
  "sidebar": "tutorialSidebar",
  "previous": {
    "title": "Translate your site",
    "permalink": "/docs/tutorial-trust wallet/translate-your-site"
  }
}