{
  "pluginId": "default",
  "version": "current",
  "label": "Next",
  "banner": null,
  "badge": false,
  "className": "docs-version-current",
  "isLast": true,
  "docsSidebars": {
    "tutorialSidebar": [
      {
        "type": "link",
        "label": "Metamask & Trust Wallet",
        "href": "/docs/intro",
        "docId": "intro"
      },
      {
        "type": "category",
        "label": "Tutorial - Metamask",
        "collapsible": true,
        "collapsed": true,
        "items": [
          {
            "type": "link",
            "label": "Intro",
            "href": "/docs/tutorial-metamask/Intro",
            "docId": "tutorial-metamask/Intro"
          },
          {
            "type": "link",
            "label": "Android",
            "href": "/docs/tutorial-metamask/Android",
            "docId": "tutorial-metamask/Android"
          },
          {
            "type": "link",
            "label": "Apple",
            "href": "/docs/tutorial-metamask/Apple",
            "docId": "tutorial-metamask/Apple"
          },
          {
            "type": "link",
            "label": "Computer",
            "href": "/docs/tutorial-metamask/Computer",
            "docId": "tutorial-metamask/Computer"
          },
          {
            "type": "link",
            "label": "Switch Network To Binance Smart Chain",
            "href": "/docs/tutorial-metamask/Switch-Network-To-BNB",
            "docId": "tutorial-metamask/Switch-Network-To-BNB"
          },
          {
            "type": "link",
            "label": "Markdown Features",
            "href": "/docs/tutorial-metamask/markdown-features",
            "docId": "tutorial-metamask/markdown-features"
          }
        ]
      },
      {
        "type": "category",
        "label": "Tutorial - Trust Wallet",
        "collapsible": true,
        "collapsed": true,
        "items": [
          {
            "type": "link",
            "label": "Intro",
            "href": "/docs/tutorial-trust wallet/Intro",
            "docId": "tutorial-trust wallet/Intro"
          },
          {
            "type": "link",
            "label": "Android",
            "href": "/docs/tutorial-trust wallet/Android",
            "docId": "tutorial-trust wallet/Android"
          },
          {
            "type": "link",
            "label": "Apple",
            "href": "/docs/tutorial-trust wallet/Apple",
            "docId": "tutorial-trust wallet/Apple"
          }
        ]
      },
      {
        "type": "category",
        "label": "Tutorial - Presale",
        "collapsible": true,
        "collapsed": true,
        "items": [
          {
            "type": "link",
            "label": "Intro",
            "href": "/docs/how-to-buy-presale/Start",
            "docId": "how-to-buy-presale/Start"
          },
          {
            "type": "link",
            "label": "Android",
            "href": "/docs/how-to-buy-presale/Android",
            "docId": "how-to-buy-presale/Android"
          },
          {
            "type": "link",
            "label": "Apple",
            "href": "/docs/how-to-buy-presale/Apple",
            "docId": "how-to-buy-presale/Apple"
          },
          {
            "type": "link",
            "label": "Computer",
            "href": "/docs/how-to-buy-presale/Computer",
            "docId": "how-to-buy-presale/Computer"
          }
        ]
      }
    ]
  },
  "docs": {
    "how-to-buy-presale/Android": {
      "id": "how-to-buy-presale/Android",
      "title": "Android",
      "description": "Step 1. Open Trust Wallet and Click DApps",
      "sidebar": "tutorialSidebar"
    },
    "how-to-buy-presale/Apple": {
      "id": "how-to-buy-presale/Apple",
      "title": "Apple",
      "description": "Apple doesn't have DAapps. So you can't make buys like someone with an android can. You must use your browser.",
      "sidebar": "tutorialSidebar"
    },
    "how-to-buy-presale/Computer": {
      "id": "how-to-buy-presale/Computer",
      "title": "Computer",
      "description": "Step 1. Navigate to the presale address",
      "sidebar": "tutorialSidebar"
    },
    "how-to-buy-presale/Start": {
      "id": "how-to-buy-presale/Start",
      "title": "Intro",
      "description": "1",
      "sidebar": "tutorialSidebar"
    },
    "intro": {
      "id": "intro",
      "title": "Metamask & Trust Wallet",
      "description": "- To start buying, selling, or trading ALT Coins (a non mainstream coin like Bitcoin or Ethereum ) you first need a crypto wallet that is not on an exchange.",
      "sidebar": "tutorialSidebar"
    },
    "tutorial-metamask/Android": {
      "id": "tutorial-metamask/Android",
      "title": "Android",
      "description": "1",
      "sidebar": "tutorialSidebar"
    },
    "tutorial-metamask/Apple": {
      "id": "tutorial-metamask/Apple",
      "title": "Apple",
      "description": "1",
      "sidebar": "tutorialSidebar"
    },
    "tutorial-metamask/Computer": {
      "id": "tutorial-metamask/Computer",
      "title": "Computer",
      "description": "MetaMask is one of the most popular browser extensions that serves as a way of storing your Crypto Tokens. The extension is free and secure, and it allows web applications to read and interact with many blockchains.",
      "sidebar": "tutorialSidebar"
    },
    "tutorial-metamask/Intro": {
      "id": "tutorial-metamask/Intro",
      "title": "Intro",
      "description": "How To Install Metamask",
      "sidebar": "tutorialSidebar"
    },
    "tutorial-metamask/markdown-features": {
      "id": "tutorial-metamask/markdown-features",
      "title": "Markdown Features",
      "description": "Docusaurus supports Markdown and a few additional features.",
      "sidebar": "tutorialSidebar"
    },
    "tutorial-metamask/Switch-Network-To-BNB": {
      "id": "tutorial-metamask/Switch-Network-To-BNB",
      "title": "Switch Network To Binance Smart Chain",
      "description": "1",
      "sidebar": "tutorialSidebar"
    },
    "tutorial-trust wallet/Android": {
      "id": "tutorial-trust wallet/Android",
      "title": "Android",
      "description": "1",
      "sidebar": "tutorialSidebar"
    },
    "tutorial-trust wallet/Apple": {
      "id": "tutorial-trust wallet/Apple",
      "title": "Apple",
      "description": "1",
      "sidebar": "tutorialSidebar"
    },
    "tutorial-trust wallet/Intro": {
      "id": "tutorial-trust wallet/Intro",
      "title": "Intro",
      "description": "How To Install Metamask",
      "sidebar": "tutorialSidebar"
    }
  }
}