{
  "docusaurus-plugin-content-docs": {
    "default": {
      "loadedVersions": [
        {
          "versionName": "current",
          "versionLabel": "Next",
          "versionPath": "/docs",
          "tagsPath": "/docs/tags",
          "versionEditUrl": "https://github.com/facebook/docusaurus/tree/main/packages/create-docusaurus/templates/shared/docs",
          "versionEditUrlLocalized": "https://github.com/facebook/docusaurus/tree/main/packages/create-docusaurus/templates/shared/i18n/en/docusaurus-plugin-content-docs/current",
          "versionBanner": null,
          "versionBadge": false,
          "versionClassName": "docs-version-current",
          "isLast": true,
          "routePriority": -1,
          "sidebarFilePath": "E:\\Victory Doc\\Victory-Token-Whitepaper\\sidebars.js",
          "contentPath": "E:\\Victory Doc\\Victory-Token-Whitepaper\\docs",
          "contentPathLocalized": "E:\\Victory Doc\\Victory-Token-Whitepaper\\i18n\\en\\docusaurus-plugin-content-docs\\current",
          "docs": [
            {
              "unversionedId": "how-to-buy-presale/Android",
              "id": "how-to-buy-presale/Android",
              "title": "Android",
              "description": "Step 1. Open Trust Wallet and Click DApps",
              "source": "@site/docs/how-to-buy-presale/Android.md",
              "sourceDirName": "how-to-buy-presale",
              "slug": "/how-to-buy-presale/Android",
              "permalink": "/docs/how-to-buy-presale/Android",
              "editUrl": "https://github.com/facebook/docusaurus/tree/main/packages/create-docusaurus/templates/shared/docs/how-to-buy-presale/Android.md",
              "tags": [],
              "version": "current",
              "sidebarPosition": 2,
              "frontMatter": {
                "sidebar_position": 2
              },
              "sidebar": "tutorialSidebar",
              "previous": {
                "title": "Intro",
                "permalink": "/docs/how-to-buy-presale/Start"
              },
              "next": {
                "title": "Apple",
                "permalink": "/docs/how-to-buy-presale/Apple"
              }
            },
            {
              "unversionedId": "how-to-buy-presale/Apple",
              "id": "how-to-buy-presale/Apple",
              "title": "Apple",
              "description": "Apple doesn't have DAapps. So you can't make buys like someone with an android can. You must use your browser.",
              "source": "@site/docs/how-to-buy-presale/Apple.md",
              "sourceDirName": "how-to-buy-presale",
              "slug": "/how-to-buy-presale/Apple",
              "permalink": "/docs/how-to-buy-presale/Apple",
              "editUrl": "https://github.com/facebook/docusaurus/tree/main/packages/create-docusaurus/templates/shared/docs/how-to-buy-presale/Apple.md",
              "tags": [],
              "version": "current",
              "sidebarPosition": 2,
              "frontMatter": {
                "sidebar_position": 2
              },
              "sidebar": "tutorialSidebar",
              "previous": {
                "title": "Android",
                "permalink": "/docs/how-to-buy-presale/Android"
              },
              "next": {
                "title": "Computer",
                "permalink": "/docs/how-to-buy-presale/Computer"
              }
            },
            {
              "unversionedId": "how-to-buy-presale/Computer",
              "id": "how-to-buy-presale/Computer",
              "title": "Computer",
              "description": "Step 1. Navigate to the presale address",
              "source": "@site/docs/how-to-buy-presale/Computer.md",
              "sourceDirName": "how-to-buy-presale",
              "slug": "/how-to-buy-presale/Computer",
              "permalink": "/docs/how-to-buy-presale/Computer",
              "editUrl": "https://github.com/facebook/docusaurus/tree/main/packages/create-docusaurus/templates/shared/docs/how-to-buy-presale/Computer.md",
              "tags": [],
              "version": "current",
              "sidebarPosition": 2,
              "frontMatter": {
                "sidebar_position": 2
              },
              "sidebar": "tutorialSidebar",
              "previous": {
                "title": "Apple",
                "permalink": "/docs/how-to-buy-presale/Apple"
              }
            },
            {
              "unversionedId": "how-to-buy-presale/Start",
              "id": "how-to-buy-presale/Start",
              "title": "Intro",
              "description": "1",
              "source": "@site/docs/how-to-buy-presale/Start.md",
              "sourceDirName": "how-to-buy-presale",
              "slug": "/how-to-buy-presale/Start",
              "permalink": "/docs/how-to-buy-presale/Start",
              "editUrl": "https://github.com/facebook/docusaurus/tree/main/packages/create-docusaurus/templates/shared/docs/how-to-buy-presale/Start.md",
              "tags": [],
              "version": "current",
              "sidebarPosition": 1,
              "frontMatter": {
                "sidebar_position": 1
              },
              "sidebar": "tutorialSidebar",
              "previous": {
                "title": "Apple",
                "permalink": "/docs/tutorial-trust wallet/Apple"
              },
              "next": {
                "title": "Android",
                "permalink": "/docs/how-to-buy-presale/Android"
              }
            },
            {
              "unversionedId": "intro",
              "id": "intro",
              "title": "Metamask & Trust Wallet",
              "description": "- To start buying, selling, or trading ALT Coins (a non mainstream coin like Bitcoin or Ethereum ) you first need a crypto wallet that is not on an exchange.",
              "source": "@site/docs/intro.md",
              "sourceDirName": ".",
              "slug": "/intro",
              "permalink": "/docs/intro",
              "editUrl": "https://github.com/facebook/docusaurus/tree/main/packages/create-docusaurus/templates/shared/docs/intro.md",
              "tags": [],
              "version": "current",
              "sidebarPosition": 1,
              "frontMatter": {
                "sidebar_position": 1
              },
              "sidebar": "tutorialSidebar",
              "next": {
                "title": "Intro",
                "permalink": "/docs/tutorial-metamask/Intro"
              }
            },
            {
              "unversionedId": "tutorial-metamask/Android",
              "id": "tutorial-metamask/Android",
              "title": "Android",
              "description": "1",
              "source": "@site/docs/tutorial-metamask/Android.md",
              "sourceDirName": "tutorial-metamask",
              "slug": "/tutorial-metamask/Android",
              "permalink": "/docs/tutorial-metamask/Android",
              "editUrl": "https://github.com/facebook/docusaurus/tree/main/packages/create-docusaurus/templates/shared/docs/tutorial-metamask/Android.md",
              "tags": [],
              "version": "current",
              "sidebarPosition": 2,
              "frontMatter": {
                "sidebar_position": 2
              },
              "sidebar": "tutorialSidebar",
              "previous": {
                "title": "Intro",
                "permalink": "/docs/tutorial-metamask/Intro"
              },
              "next": {
                "title": "Apple",
                "permalink": "/docs/tutorial-metamask/Apple"
              }
            },
            {
              "unversionedId": "tutorial-metamask/Apple",
              "id": "tutorial-metamask/Apple",
              "title": "Apple",
              "description": "1",
              "source": "@site/docs/tutorial-metamask/Apple.md",
              "sourceDirName": "tutorial-metamask",
              "slug": "/tutorial-metamask/Apple",
              "permalink": "/docs/tutorial-metamask/Apple",
              "editUrl": "https://github.com/facebook/docusaurus/tree/main/packages/create-docusaurus/templates/shared/docs/tutorial-metamask/Apple.md",
              "tags": [],
              "version": "current",
              "sidebarPosition": 3,
              "frontMatter": {
                "sidebar_position": 3
              },
              "sidebar": "tutorialSidebar",
              "previous": {
                "title": "Android",
                "permalink": "/docs/tutorial-metamask/Android"
              },
              "next": {
                "title": "Computer",
                "permalink": "/docs/tutorial-metamask/Computer"
              }
            },
            {
              "unversionedId": "tutorial-metamask/Computer",
              "id": "tutorial-metamask/Computer",
              "title": "Computer",
              "description": "MetaMask is one of the most popular browser extensions that serves as a way of storing your Crypto Tokens. The extension is free and secure, and it allows web applications to read and interact with many blockchains.",
              "source": "@site/docs/tutorial-metamask/Computer.md",
              "sourceDirName": "tutorial-metamask",
              "slug": "/tutorial-metamask/Computer",
              "permalink": "/docs/tutorial-metamask/Computer",
              "editUrl": "https://github.com/facebook/docusaurus/tree/main/packages/create-docusaurus/templates/shared/docs/tutorial-metamask/Computer.md",
              "tags": [],
              "version": "current",
              "sidebarPosition": 4,
              "frontMatter": {
                "sidebar_position": 4
              },
              "sidebar": "tutorialSidebar",
              "previous": {
                "title": "Apple",
                "permalink": "/docs/tutorial-metamask/Apple"
              },
              "next": {
                "title": "Switch Network To Binance Smart Chain",
                "permalink": "/docs/tutorial-metamask/Switch-Network-To-BNB"
              }
            },
            {
              "unversionedId": "tutorial-metamask/Intro",
              "id": "tutorial-metamask/Intro",
              "title": "Intro",
              "description": "How To Install Metamask",
              "source": "@site/docs/tutorial-metamask/Intro.md",
              "sourceDirName": "tutorial-metamask",
              "slug": "/tutorial-metamask/Intro",
              "permalink": "/docs/tutorial-metamask/Intro",
              "editUrl": "https://github.com/facebook/docusaurus/tree/main/packages/create-docusaurus/templates/shared/docs/tutorial-metamask/Intro.md",
              "tags": [],
              "version": "current",
              "sidebarPosition": 1,
              "frontMatter": {
                "sidebar_position": 1
              },
              "sidebar": "tutorialSidebar",
              "previous": {
                "title": "Metamask & Trust Wallet",
                "permalink": "/docs/intro"
              },
              "next": {
                "title": "Android",
                "permalink": "/docs/tutorial-metamask/Android"
              }
            },
            {
              "unversionedId": "tutorial-metamask/markdown-features",
              "id": "tutorial-metamask/markdown-features",
              "title": "Markdown Features",
              "description": "Docusaurus supports Markdown and a few additional features.",
              "source": "@site/docs/tutorial-metamask/markdown-features.md",
              "sourceDirName": "tutorial-metamask",
              "slug": "/tutorial-metamask/markdown-features",
              "permalink": "/docs/tutorial-metamask/markdown-features",
              "editUrl": "https://github.com/facebook/docusaurus/tree/main/packages/create-docusaurus/templates/shared/docs/tutorial-metamask/markdown-features.md",
              "tags": [],
              "version": "current",
              "sidebarPosition": 7,
              "frontMatter": {
                "sidebar_position": 7
              },
              "sidebar": "tutorialSidebar",
              "previous": {
                "title": "Switch Network To Binance Smart Chain",
                "permalink": "/docs/tutorial-metamask/Switch-Network-To-BNB"
              },
              "next": {
                "title": "Intro",
                "permalink": "/docs/tutorial-trust wallet/Intro"
              }
            },
            {
              "unversionedId": "tutorial-metamask/Switch-Network-To-BNB",
              "id": "tutorial-metamask/Switch-Network-To-BNB",
              "title": "Switch Network To Binance Smart Chain",
              "description": "1",
              "source": "@site/docs/tutorial-metamask/Switch-Network-To-BNB.md",
              "sourceDirName": "tutorial-metamask",
              "slug": "/tutorial-metamask/Switch-Network-To-BNB",
              "permalink": "/docs/tutorial-metamask/Switch-Network-To-BNB",
              "editUrl": "https://github.com/facebook/docusaurus/tree/main/packages/create-docusaurus/templates/shared/docs/tutorial-metamask/Switch-Network-To-BNB.md",
              "tags": [],
              "version": "current",
              "sidebarPosition": 5,
              "frontMatter": {
                "sidebar_position": 5
              },
              "sidebar": "tutorialSidebar",
              "previous": {
                "title": "Computer",
                "permalink": "/docs/tutorial-metamask/Computer"
              },
              "next": {
                "title": "Markdown Features",
                "permalink": "/docs/tutorial-metamask/markdown-features"
              }
            },
            {
              "unversionedId": "tutorial-trust wallet/Android",
              "id": "tutorial-trust wallet/Android",
              "title": "Android",
              "description": "1",
              "source": "@site/docs/tutorial-trust wallet/Android.md",
              "sourceDirName": "tutorial-trust wallet",
              "slug": "/tutorial-trust wallet/Android",
              "permalink": "/docs/tutorial-trust wallet/Android",
              "editUrl": "https://github.com/facebook/docusaurus/tree/main/packages/create-docusaurus/templates/shared/docs/tutorial-trust wallet/Android.md",
              "tags": [],
              "version": "current",
              "sidebarPosition": 2,
              "frontMatter": {
                "sidebar_position": 2
              },
              "sidebar": "tutorialSidebar",
              "previous": {
                "title": "Intro",
                "permalink": "/docs/tutorial-trust wallet/Intro"
              },
              "next": {
                "title": "Apple",
                "permalink": "/docs/tutorial-trust wallet/Apple"
              }
            },
            {
              "unversionedId": "tutorial-trust wallet/Apple",
              "id": "tutorial-trust wallet/Apple",
              "title": "Apple",
              "description": "1",
              "source": "@site/docs/tutorial-trust wallet/Apple.md",
              "sourceDirName": "tutorial-trust wallet",
              "slug": "/tutorial-trust wallet/Apple",
              "permalink": "/docs/tutorial-trust wallet/Apple",
              "editUrl": "https://github.com/facebook/docusaurus/tree/main/packages/create-docusaurus/templates/shared/docs/tutorial-trust wallet/Apple.md",
              "tags": [],
              "version": "current",
              "sidebarPosition": 4,
              "frontMatter": {
                "sidebar_position": 4
              },
              "sidebar": "tutorialSidebar",
              "previous": {
                "title": "Android",
                "permalink": "/docs/tutorial-trust wallet/Android"
              },
              "next": {
                "title": "Intro",
                "permalink": "/docs/how-to-buy-presale/Start"
              }
            },
            {
              "unversionedId": "tutorial-trust wallet/Intro",
              "id": "tutorial-trust wallet/Intro",
              "title": "Intro",
              "description": "How To Install Metamask",
              "source": "@site/docs/tutorial-trust wallet/Intro.md",
              "sourceDirName": "tutorial-trust wallet",
              "slug": "/tutorial-trust wallet/Intro",
              "permalink": "/docs/tutorial-trust wallet/Intro",
              "editUrl": "https://github.com/facebook/docusaurus/tree/main/packages/create-docusaurus/templates/shared/docs/tutorial-trust wallet/Intro.md",
              "tags": [],
              "version": "current",
              "sidebarPosition": 1,
              "frontMatter": {
                "sidebar_position": 1
              },
              "sidebar": "tutorialSidebar",
              "previous": {
                "title": "Markdown Features",
                "permalink": "/docs/tutorial-metamask/markdown-features"
              },
              "next": {
                "title": "Android",
                "permalink": "/docs/tutorial-trust wallet/Android"
              }
            }
          ],
          "sidebars": {
            "tutorialSidebar": [
              {
                "type": "doc",
                "id": "intro"
              },
              {
                "type": "category",
                "label": "Tutorial - Metamask",
                "collapsible": true,
                "collapsed": true,
                "items": [
                  {
                    "type": "doc",
                    "id": "tutorial-metamask/Intro"
                  },
                  {
                    "type": "doc",
                    "id": "tutorial-metamask/Android"
                  },
                  {
                    "type": "doc",
                    "id": "tutorial-metamask/Apple"
                  },
                  {
                    "type": "doc",
                    "id": "tutorial-metamask/Computer"
                  },
                  {
                    "type": "doc",
                    "id": "tutorial-metamask/Switch-Network-To-BNB"
                  },
                  {
                    "type": "doc",
                    "id": "tutorial-metamask/markdown-features"
                  }
                ]
              },
              {
                "type": "category",
                "label": "Tutorial - Trust Wallet",
                "collapsible": true,
                "collapsed": true,
                "items": [
                  {
                    "type": "doc",
                    "id": "tutorial-trust wallet/Intro"
                  },
                  {
                    "type": "doc",
                    "id": "tutorial-trust wallet/Android"
                  },
                  {
                    "type": "doc",
                    "id": "tutorial-trust wallet/Apple"
                  }
                ]
              },
              {
                "type": "category",
                "label": "Tutorial - Presale",
                "collapsible": true,
                "collapsed": true,
                "items": [
                  {
                    "type": "doc",
                    "id": "how-to-buy-presale/Start"
                  },
                  {
                    "type": "doc",
                    "id": "how-to-buy-presale/Android"
                  },
                  {
                    "type": "doc",
                    "id": "how-to-buy-presale/Apple"
                  },
                  {
                    "type": "doc",
                    "id": "how-to-buy-presale/Computer"
                  }
                ]
              }
            ]
          },
          "mainDocId": "intro",
          "categoryGeneratedIndices": []
        }
      ]
    }
  },
  "docusaurus-plugin-content-blog": {
    "default": {
      "blogSidebarTitle": "Recent posts",
      "blogPosts": [
        {
          "id": "welcome",
          "metadata": {
            "permalink": "/blog/welcome",
            "editUrl": "https://github.com/facebook/docusaurus/tree/main/packages/create-docusaurus/templates/shared/blog/2021-08-26-welcome/index.md",
            "source": "@site/blog/2021-08-26-welcome/index.md",
            "title": "Welcome",
            "description": "Docusaurus blogging features are powered by the blog plugin.",
            "date": "2021-08-26T00:00:00.000Z",
            "formattedDate": "August 26, 2021",
            "tags": [
              {
                "label": "facebook",
                "permalink": "/blog/tags/facebook"
              },
              {
                "label": "hello",
                "permalink": "/blog/tags/hello"
              },
              {
                "label": "docusaurus",
                "permalink": "/blog/tags/docusaurus"
              }
            ],
            "readingTime": 0.405,
            "truncated": false,
            "authors": [
              {
                "name": "Sébastien Lorber",
                "title": "Docusaurus maintainer",
                "url": "https://sebastienlorber.com",
                "imageURL": "https://github.com/slorber.png",
                "key": "slorber"
              },
              {
                "name": "Yangshun Tay",
                "title": "Front End Engineer @ Facebook",
                "url": "https://github.com/yangshun",
                "imageURL": "https://github.com/yangshun.png",
                "key": "yangshun"
              }
            ],
            "frontMatter": {
              "slug": "welcome",
              "title": "Welcome",
              "authors": [
                "slorber",
                "yangshun"
              ],
              "tags": [
                "facebook",
                "hello",
                "docusaurus"
              ]
            },
            "nextItem": {
              "title": "MDX Blog Post",
              "permalink": "/blog/mdx-blog-post"
            }
          },
          "content": "[Docusaurus blogging features](https://docusaurus.io/docs/blog) are powered by the [blog plugin](https://docusaurus.io/docs/api/plugins/@docusaurus/plugin-content-blog).\n\nSimply add Markdown files (or folders) to the `blog` directory.\n\nRegular blog authors can be added to `authors.yml`.\n\nThe blog post date can be extracted from filenames, such as:\n\n- `2019-05-30-welcome.md`\n- `2019-05-30-welcome/index.md`\n\nA blog post folder can be convenient to co-locate blog post images:\n\n![Docusaurus Plushie](./docusaurus-plushie-banner.jpeg)\n\nThe blog supports tags as well!\n\n**And if you don't want a blog**: just delete this directory, and use `blog: false` in your Docusaurus config."
        },
        {
          "id": "mdx-blog-post",
          "metadata": {
            "permalink": "/blog/mdx-blog-post",
            "editUrl": "https://github.com/facebook/docusaurus/tree/main/packages/create-docusaurus/templates/shared/blog/2021-08-01-mdx-blog-post.mdx",
            "source": "@site/blog/2021-08-01-mdx-blog-post.mdx",
            "title": "MDX Blog Post",
            "description": "Blog posts support Docusaurus Markdown features, such as MDX.",
            "date": "2021-08-01T00:00:00.000Z",
            "formattedDate": "August 1, 2021",
            "tags": [
              {
                "label": "docusaurus",
                "permalink": "/blog/tags/docusaurus"
              }
            ],
            "readingTime": 0.175,
            "truncated": false,
            "authors": [
              {
                "name": "Sébastien Lorber",
                "title": "Docusaurus maintainer",
                "url": "https://sebastienlorber.com",
                "imageURL": "https://github.com/slorber.png",
                "key": "slorber"
              }
            ],
            "frontMatter": {
              "slug": "mdx-blog-post",
              "title": "MDX Blog Post",
              "authors": [
                "slorber"
              ],
              "tags": [
                "docusaurus"
              ]
            },
            "prevItem": {
              "title": "Welcome",
              "permalink": "/blog/welcome"
            },
            "nextItem": {
              "title": "Long Blog Post",
              "permalink": "/blog/long-blog-post"
            }
          },
          "content": "Blog posts support [Docusaurus Markdown features](https://docusaurus.io/docs/markdown-features), such as [MDX](https://mdxjs.com/).\n\n:::tip\n\nUse the power of React to create interactive blog posts.\n\n```js\n<button onClick={() => alert('button clicked!')}>Click me!</button>\n```\n\n<button onClick={() => alert('button clicked!')}>Click me!</button>\n\n:::"
        },
        {
          "id": "long-blog-post",
          "metadata": {
            "permalink": "/blog/long-blog-post",
            "editUrl": "https://github.com/facebook/docusaurus/tree/main/packages/create-docusaurus/templates/shared/blog/2019-05-29-long-blog-post.md",
            "source": "@site/blog/2019-05-29-long-blog-post.md",
            "title": "Long Blog Post",
            "description": "This is the summary of a very long blog post,",
            "date": "2019-05-29T00:00:00.000Z",
            "formattedDate": "May 29, 2019",
            "tags": [
              {
                "label": "hello",
                "permalink": "/blog/tags/hello"
              },
              {
                "label": "docusaurus",
                "permalink": "/blog/tags/docusaurus"
              }
            ],
            "readingTime": 2.05,
            "truncated": true,
            "authors": [
              {
                "name": "Endilie Yacop Sucipto",
                "title": "Maintainer of Docusaurus",
                "url": "https://github.com/endiliey",
                "imageURL": "https://github.com/endiliey.png",
                "key": "endi"
              }
            ],
            "frontMatter": {
              "slug": "long-blog-post",
              "title": "Long Blog Post",
              "authors": "endi",
              "tags": [
                "hello",
                "docusaurus"
              ]
            },
            "prevItem": {
              "title": "MDX Blog Post",
              "permalink": "/blog/mdx-blog-post"
            },
            "nextItem": {
              "title": "First Blog Post",
              "permalink": "/blog/first-blog-post"
            }
          },
          "content": "This is the summary of a very long blog post,\n\nUse a `<!--` `truncate` `-->` comment to limit blog post size in the list view.\n\n<!--truncate-->\n\nLorem ipsum dolor sit amet, consectetur adipiscing elit. Pellentesque elementum dignissim ultricies. Fusce rhoncus ipsum tempor eros aliquam consequat. Lorem ipsum dolor sit amet\n\nLorem ipsum dolor sit amet, consectetur adipiscing elit. Pellentesque elementum dignissim ultricies. Fusce rhoncus ipsum tempor eros aliquam consequat. Lorem ipsum dolor sit amet\n\nLorem ipsum dolor sit amet, consectetur adipiscing elit. Pellentesque elementum dignissim ultricies. Fusce rhoncus ipsum tempor eros aliquam consequat. Lorem ipsum dolor sit amet\n\nLorem ipsum dolor sit amet, consectetur adipiscing elit. Pellentesque elementum dignissim ultricies. Fusce rhoncus ipsum tempor eros aliquam consequat. Lorem ipsum dolor sit amet\n\nLorem ipsum dolor sit amet, consectetur adipiscing elit. Pellentesque elementum dignissim ultricies. Fusce rhoncus ipsum tempor eros aliquam consequat. Lorem ipsum dolor sit amet\n\nLorem ipsum dolor sit amet, consectetur adipiscing elit. Pellentesque elementum dignissim ultricies. Fusce rhoncus ipsum tempor eros aliquam consequat. Lorem ipsum dolor sit amet\n\nLorem ipsum dolor sit amet, consectetur adipiscing elit. Pellentesque elementum dignissim ultricies. Fusce rhoncus ipsum tempor eros aliquam consequat. Lorem ipsum dolor sit amet\n\nLorem ipsum dolor sit amet, consectetur adipiscing elit. Pellentesque elementum dignissim ultricies. Fusce rhoncus ipsum tempor eros aliquam consequat. Lorem ipsum dolor sit amet\n\nLorem ipsum dolor sit amet, consectetur adipiscing elit. Pellentesque elementum dignissim ultricies. Fusce rhoncus ipsum tempor eros aliquam consequat. Lorem ipsum dolor sit amet\n\nLorem ipsum dolor sit amet, consectetur adipiscing elit. Pellentesque elementum dignissim ultricies. Fusce rhoncus ipsum tempor eros aliquam consequat. Lorem ipsum dolor sit amet\n\nLorem ipsum dolor sit amet, consectetur adipiscing elit. Pellentesque elementum dignissim ultricies. Fusce rhoncus ipsum tempor eros aliquam consequat. Lorem ipsum dolor sit amet\n\nLorem ipsum dolor sit amet, consectetur adipiscing elit. Pellentesque elementum dignissim ultricies. Fusce rhoncus ipsum tempor eros aliquam consequat. Lorem ipsum dolor sit amet\n\nLorem ipsum dolor sit amet, consectetur adipiscing elit. Pellentesque elementum dignissim ultricies. Fusce rhoncus ipsum tempor eros aliquam consequat. Lorem ipsum dolor sit amet\n\nLorem ipsum dolor sit amet, consectetur adipiscing elit. Pellentesque elementum dignissim ultricies. Fusce rhoncus ipsum tempor eros aliquam consequat. Lorem ipsum dolor sit amet\n\nLorem ipsum dolor sit amet, consectetur adipiscing elit. Pellentesque elementum dignissim ultricies. Fusce rhoncus ipsum tempor eros aliquam consequat. Lorem ipsum dolor sit amet\n\nLorem ipsum dolor sit amet, consectetur adipiscing elit. Pellentesque elementum dignissim ultricies. Fusce rhoncus ipsum tempor eros aliquam consequat. Lorem ipsum dolor sit amet"
        },
        {
          "id": "first-blog-post",
          "metadata": {
            "permalink": "/blog/first-blog-post",
            "editUrl": "https://github.com/facebook/docusaurus/tree/main/packages/create-docusaurus/templates/shared/blog/2019-05-28-first-blog-post.md",
            "source": "@site/blog/2019-05-28-first-blog-post.md",
            "title": "First Blog Post",
            "description": "Lorem ipsum dolor sit amet, consectetur adipiscing elit. Pellentesque elementum dignissim ultricies. Fusce rhoncus ipsum tempor eros aliquam consequat. Lorem ipsum dolor sit amet",
            "date": "2019-05-28T00:00:00.000Z",
            "formattedDate": "May 28, 2019",
            "tags": [
              {
                "label": "hola",
                "permalink": "/blog/tags/hola"
              },
              {
                "label": "docusaurus",
                "permalink": "/blog/tags/docusaurus"
              }
            ],
            "readingTime": 0.12,
            "truncated": false,
            "authors": [
              {
                "name": "Gao Wei",
                "title": "Docusaurus Core Team",
                "url": "https://github.com/wgao19",
                "image_url": "https://github.com/wgao19.png",
                "imageURL": "https://github.com/wgao19.png"
              }
            ],
            "frontMatter": {
              "slug": "first-blog-post",
              "title": "First Blog Post",
              "authors": {
                "name": "Gao Wei",
                "title": "Docusaurus Core Team",
                "url": "https://github.com/wgao19",
                "image_url": "https://github.com/wgao19.png",
                "imageURL": "https://github.com/wgao19.png"
              },
              "tags": [
                "hola",
                "docusaurus"
              ]
            },
            "prevItem": {
              "title": "Long Blog Post",
              "permalink": "/blog/long-blog-post"
            }
          },
          "content": "Lorem ipsum dolor sit amet, consectetur adipiscing elit. Pellentesque elementum dignissim ultricies. Fusce rhoncus ipsum tempor eros aliquam consequat. Lorem ipsum dolor sit amet"
        }
      ],
      "blogListPaginated": [
        {
          "items": [
            "welcome",
            "mdx-blog-post",
            "long-blog-post",
            "first-blog-post"
          ],
          "metadata": {
            "permalink": "/blog",
            "page": 1,
            "postsPerPage": 10,
            "totalPages": 1,
            "totalCount": 4,
            "previousPage": null,
            "nextPage": null,
            "blogDescription": "Blog",
            "blogTitle": "Blog"
          }
        }
      ],
      "blogTags": {
        "/blog/tags/facebook": {
          "name": "facebook",
          "items": [
            "welcome"
          ],
          "permalink": "/blog/tags/facebook",
          "pages": [
            {
              "items": [
                "welcome"
              ],
              "metadata": {
                "permalink": "/blog/tags/facebook",
                "page": 1,
                "postsPerPage": 10,
                "totalPages": 1,
                "totalCount": 1,
                "previousPage": null,
                "nextPage": null,
                "blogDescription": "Blog",
                "blogTitle": "Blog"
              }
            }
          ]
        },
        "/blog/tags/hello": {
          "name": "hello",
          "items": [
            "welcome",
            "long-blog-post"
          ],
          "permalink": "/blog/tags/hello",
          "pages": [
            {
              "items": [
                "welcome",
                "long-blog-post"
              ],
              "metadata": {
                "permalink": "/blog/tags/hello",
                "page": 1,
                "postsPerPage": 10,
                "totalPages": 1,
                "totalCount": 2,
                "previousPage": null,
                "nextPage": null,
                "blogDescription": "Blog",
                "blogTitle": "Blog"
              }
            }
          ]
        },
        "/blog/tags/docusaurus": {
          "name": "docusaurus",
          "items": [
            "welcome",
            "mdx-blog-post",
            "long-blog-post",
            "first-blog-post"
          ],
          "permalink": "/blog/tags/docusaurus",
          "pages": [
            {
              "items": [
                "welcome",
                "mdx-blog-post",
                "long-blog-post",
                "first-blog-post"
              ],
              "metadata": {
                "permalink": "/blog/tags/docusaurus",
                "page": 1,
                "postsPerPage": 10,
                "totalPages": 1,
                "totalCount": 4,
                "previousPage": null,
                "nextPage": null,
                "blogDescription": "Blog",
                "blogTitle": "Blog"
              }
            }
          ]
        },
        "/blog/tags/hola": {
          "name": "hola",
          "items": [
            "first-blog-post"
          ],
          "permalink": "/blog/tags/hola",
          "pages": [
            {
              "items": [
                "first-blog-post"
              ],
              "metadata": {
                "permalink": "/blog/tags/hola",
                "page": 1,
                "postsPerPage": 10,
                "totalPages": 1,
                "totalCount": 1,
                "previousPage": null,
                "nextPage": null,
                "blogDescription": "Blog",
                "blogTitle": "Blog"
              }
            }
          ]
        }
      },
      "blogTagsListPath": "/blog/tags"
    }
  },
  "docusaurus-plugin-content-pages": {
    "default": [
      {
        "type": "jsx",
        "permalink": "/",
        "source": "@site/src/pages/index.js"
      },
      {
        "type": "mdx",
        "permalink": "/markdown-page",
        "source": "@site/src/pages/markdown-page.md",
        "title": "Markdown page example",
        "description": "You don't need React to write simple standalone pages.",
        "frontMatter": {
          "title": "Markdown page example"
        }
      }
    ]
  },
  "docusaurus-plugin-debug": {
    "default": null
  },
  "docusaurus-theme-classic": {
    "default": null
  }
}