{
  "docusaurus-plugin-content-docs": {
    "default": {
      "path": "/docs",
      "versions": [
        {
          "name": "current",
          "label": "Next",
          "isLast": true,
          "path": "/docs",
          "mainDocId": "intro",
          "docs": [
            {
              "id": "how-to-buy-presale/Android",
              "path": "/docs/how-to-buy-presale/Android",
              "sidebar": "tutorialSidebar"
            },
            {
              "id": "how-to-buy-presale/Apple",
              "path": "/docs/how-to-buy-presale/Apple",
              "sidebar": "tutorialSidebar"
            },
            {
              "id": "how-to-buy-presale/Computer",
              "path": "/docs/how-to-buy-presale/Computer",
              "sidebar": "tutorialSidebar"
            },
            {
              "id": "how-to-buy-presale/Start",
              "path": "/docs/how-to-buy-presale/Start",
              "sidebar": "tutorialSidebar"
            },
            {
              "id": "intro",
              "path": "/docs/intro",
              "sidebar": "tutorialSidebar"
            },
            {
              "id": "tutorial-metamask/Android",
              "path": "/docs/tutorial-metamask/Android",
              "sidebar": "tutorialSidebar"
            },
            {
              "id": "tutorial-metamask/Apple",
              "path": "/docs/tutorial-metamask/Apple",
              "sidebar": "tutorialSidebar"
            },
            {
              "id": "tutorial-metamask/Computer",
              "path": "/docs/tutorial-metamask/Computer",
              "sidebar": "tutorialSidebar"
            },
            {
              "id": "tutorial-metamask/Intro",
              "path": "/docs/tutorial-metamask/Intro",
              "sidebar": "tutorialSidebar"
            },
            {
              "id": "tutorial-metamask/markdown-features",
              "path": "/docs/tutorial-metamask/markdown-features",
              "sidebar": "tutorialSidebar"
            },
            {
              "id": "tutorial-metamask/Switch-Network-To-BNB",
              "path": "/docs/tutorial-metamask/Switch-Network-To-BNB",
              "sidebar": "tutorialSidebar"
            },
            {
              "id": "tutorial-trust wallet/Android",
              "path": "/docs/tutorial-trust wallet/Android",
              "sidebar": "tutorialSidebar"
            },
            {
              "id": "tutorial-trust wallet/Apple",
              "path": "/docs/tutorial-trust wallet/Apple",
              "sidebar": "tutorialSidebar"
            },
            {
              "id": "tutorial-trust wallet/Intro",
              "path": "/docs/tutorial-trust wallet/Intro",
              "sidebar": "tutorialSidebar"
            }
          ],
          "sidebars": {
            "tutorialSidebar": {
              "link": {
                "path": "/docs/intro",
                "label": "intro"
              }
            }
          }
        }
      ],
      "breadcrumbs": true
    }
  }
}