{
  "/__docusaurus/debug-3d6": {
    "component": "component---theme-debug-config-23-a-2ff"
  },
  "/__docusaurus/debug/config-914": {
    "component": "component---theme-debug-config-23-a-2ff"
  },
  "/__docusaurus/debug/content-c28": {
    "component": "component---theme-debug-contentba-8-ce7",
    "allContent": "allContent---docusaurus-debug-content-246-9aa"
  },
  "/__docusaurus/debug/globalData-3cf": {
    "component": "component---theme-debug-global-dataede-0fa"
  },
  "/__docusaurus/debug/metadata-31b": {
    "component": "component---theme-debug-site-metadata-68-e-3d4"
  },
  "/__docusaurus/debug/registry-0da": {
    "component": "component---theme-debug-registry-679-501"
  },
  "/__docusaurus/debug/routes-244": {
    "component": "component---theme-debug-routes-946-699"
  },
  "/blog-520": {
    "component": "component---theme-blog-list-pagea-6-a-7ba",
    "sidebar": "sidebar---blog-814-8ac",
    "items": [
      {
        "content": "content---blog-766-e3c"
      },
      {
        "content": "content---blogf-4-f-cd7"
      },
      {
        "content": "content---blog-871-381"
      },
      {
        "content": "content---blog-925-e00"
      }
    ],
    "metadata": "metadata---blogb-2-b-df1"
  },
  "/blog/archive-f4c": {
    "component": "component---theme-blog-archive-page-9-e-4-1d8",
    "archive": "archive---blog-archiveb-2-f-393"
  },
  "/blog/first-blog-post-6c7": {
    "component": "component---theme-blog-post-pageccc-cab",
    "sidebar": "sidebar---blog-814-8ac",
    "content": "content---blog-first-blog-poste-27-4a1"
  },
  "/blog/long-blog-post-f06": {
    "component": "component---theme-blog-post-pageccc-cab",
    "sidebar": "sidebar---blog-814-8ac",
    "content": "content---blog-long-blog-post-736-bc7"
  },
  "/blog/mdx-blog-post-bee": {
    "component": "component---theme-blog-post-pageccc-cab",
    "sidebar": "sidebar---blog-814-8ac",
    "content": "content---blog-mdx-blog-post-593-37b"
  },
  "/blog/tags-e13": {
    "component": "component---theme-blog-tags-list-page-01-a-d0b",
    "sidebar": "sidebar---blog-814-8ac",
    "tags": "tags---blog-tagsa-70-da2"
  },
  "/blog/tags/docusaurus-a87": {
    "component": "component---theme-blog-tags-posts-page-687-b6c",
    "sidebar": "sidebar---blog-814-8ac",
    "items": [
      {
        "content": "content---blog-766-e3c"
      },
      {
        "content": "content---blogf-4-f-cd7"
      },
      {
        "content": "content---blog-871-381"
      },
      {
        "content": "content---blog-925-e00"
      }
    ],
    "metadata": "metadata---blog-tags-docusaurusa-80-728",
    "listMetadata": "listMetadata---blog-tags-docusaurus-608-c09"
  },
  "/blog/tags/facebook-d62": {
    "component": "component---theme-blog-tags-posts-page-687-b6c",
    "sidebar": "sidebar---blog-814-8ac",
    "items": [
      {
        "content": "content---blog-766-e3c"
      }
    ],
    "metadata": "metadata---blog-tags-facebook-031-c52",
    "listMetadata": "listMetadata---blog-tags-facebook-096-d31"
  },
  "/blog/tags/hello-d09": {
    "component": "component---theme-blog-tags-posts-page-687-b6c",
    "sidebar": "sidebar---blog-814-8ac",
    "items": [
      {
        "content": "content---blog-766-e3c"
      },
      {
        "content": "content---blog-871-381"
      }
    ],
    "metadata": "metadata---blog-tags-hello-30-a-bed",
    "listMetadata": "listMetadata---blog-tags-hello-664-70a"
  },
  "/blog/tags/hola-192": {
    "component": "component---theme-blog-tags-posts-page-687-b6c",
    "sidebar": "sidebar---blog-814-8ac",
    "items": [
      {
        "content": "content---blog-925-e00"
      }
    ],
    "metadata": "metadata---blog-tags-holae-16-18a",
    "listMetadata": "listMetadata---blog-tags-hola-4-c-9-a24"
  },
  "/blog/welcome-bfa": {
    "component": "component---theme-blog-post-pageccc-cab",
    "sidebar": "sidebar---blog-814-8ac",
    "content": "content---blog-welcomed-9-f-ffb"
  },
  "/markdown-page-be1": {
    "component": "component---theme-mdx-page-1-f-3-b90",
    "content": "content---markdown-page-393-028"
  },
  "/docs-180": {
    "component": "component---theme-doc-page-1-be-9be",
    "versionMetadata": "versionMetadata---docs-935-398"
  },
  "/docs/how-to-buy-presale/Android-a11": {
    "component": "component---theme-doc-item-178-a40",
    "content": "content---docs-how-to-buy-presale-androiddab-5f3"
  },
  "/docs/how-to-buy-presale/Apple-990": {
    "component": "component---theme-doc-item-178-a40",
    "content": "content---docs-how-to-buy-presale-apple-66-b-f99"
  },
  "/docs/how-to-buy-presale/Computer-0b5": {
    "component": "component---theme-doc-item-178-a40",
    "content": "content---docs-how-to-buy-presale-computer-958-124"
  },
  "/docs/how-to-buy-presale/Start-f8e": {
    "component": "component---theme-doc-item-178-a40",
    "content": "content---docs-how-to-buy-presale-start-0-bd-0b5"
  },
  "/docs/intro-aed": {
    "component": "component---theme-doc-item-178-a40",
    "content": "content---docs-intro-0-e-3-be1"
  },
  "/docs/tutorial-metamask/Android-124": {
    "component": "component---theme-doc-item-178-a40",
    "content": "content---docs-tutorial-metamask-android-9-b-1-38a"
  },
  "/docs/tutorial-metamask/Apple-f65": {
    "component": "component---theme-doc-item-178-a40",
    "content": "content---docs-tutorial-metamask-apple-4-e-5-897"
  },
  "/docs/tutorial-metamask/Computer-475": {
    "component": "component---theme-doc-item-178-a40",
    "content": "content---docs-tutorial-metamask-computerc-9-e-b74"
  },
  "/docs/tutorial-metamask/Intro-d11": {
    "component": "component---theme-doc-item-178-a40",
    "content": "content---docs-tutorial-metamask-intro-306-81e"
  },
  "/docs/tutorial-metamask/markdown-features-086": {
    "component": "component---theme-doc-item-178-a40",
    "content": "content---docs-tutorial-metamask-markdown-features-197-70e"
  },
  "/docs/tutorial-metamask/Switch-Network-To-BNB-9bc": {
    "component": "component---theme-doc-item-178-a40",
    "content": "content---docs-tutorial-metamask-switch-network-to-bn-bf-84-528"
  },
  "/docs/tutorial-trust wallet/Android-21a": {
    "component": "component---theme-doc-item-178-a40",
    "content": "content---docs-tutorial-trust-wallet-androide-8-c-8d5"
  },
  "/docs/tutorial-trust wallet/Apple-51a": {
    "component": "component---theme-doc-item-178-a40",
    "content": "content---docs-tutorial-trust-wallet-applec-8-c-873"
  },
  "/docs/tutorial-trust wallet/Intro-1b7": {
    "component": "component---theme-doc-item-178-a40",
    "content": "content---docs-tutorial-trust-wallet-intro-595-820"
  },
  "/-deb": {
    "component": "component---site-src-pages-index-jsc-4-f-f99",
    "config": "config---5-e-9-4f3"
  }
}