{
  "facebook": {
    "allTagsPath": "/blog/tags",
    "slug": "/blog/tags/facebook",
    "name": "facebook",
    "count": 1,
    "permalink": "/blog/tags/facebook"
  },
  "hello": {
    "allTagsPath": "/blog/tags",
    "slug": "/blog/tags/hello",
    "name": "hello",
    "count": 2,
    "permalink": "/blog/tags/hello"
  },
  "docusaurus": {
    "allTagsPath": "/blog/tags",
    "slug": "/blog/tags/docusaurus",
    "name": "docusaurus",
    "count": 4,
    "permalink": "/blog/tags/docusaurus"
  },
  "hola": {
    "allTagsPath": "/blog/tags",
    "slug": "/blog/tags/hola",
    "name": "hola",
    "count": 1,
    "permalink": "/blog/tags/hola"
  }
}